Creation,MergeTime,id,isPr,N. of Comments,Closed,N. Labels,author, labelStatus, lastUpdateTime, milestoneTitle
1469911473,NA,15331,1,8,0,6,ferencek,NPNNNNNNNNNNNPNAN,1470405836,Next CMSSW_8_1_X
1469952763,1470330841,15332,1,4,1,5,venturia,NPNNNNNNNNNNNNNRN,1470330841,Next CMSSW_8_1_X
1469952952,NA,15333,1,2,0,5,venturia,NPNNNNNNNNNNNNNPN,1470136822,Next CMSSW_8_0_X
1469974709,1470204446,15334,1,17,1,5,uhussain,NNNNNNNNNNNNNANAN,1470204446,Next CMSSW_8_1_X
1469992903,NA,15335,1,23,0,5,mmusich,ANNNNNNNNNNNNNNAN,1470640963,Next CMSSW_8_1_X
1470035363,1470061949,15336,1,8,1,5,fabozzi,NNNNNNNNNNNNANNAN,1470061950,Next CMSSW_8_1_X
1470039094,1470204370,15337,1,5,1,5,diguida,NNNNNANNNNNNNNNRN,1470204371,Next CMSSW_8_1_X
1470048246,NA,15338,1,5,0,5,hqucms,NNPNNNNNNNNNNNNAN,1470059473,Next CMSSW_8_0_X
1470050957,1470204388,15339,1,8,1,5,dntaylor,NNNNNNNNNNNNNANAN,1470204388,Next CMSSW_8_1_X
1470052822,NA,15340,0,3,0,2,Dr15Jones,NNNNNNPNNNNNNNNNN,1470052858,-
1470057753,1470206897,15341,1,6,1,5,boudoul,ANNNNNNNNNNNNNNRN,1470206897,Next CMSSW_8_1_X
1470058300,NA,15342,1,10,0,5,boudoul,ANNNNNNNNNNNNNNRN,1470418073,Next CMSSW_8_0_X
1470059746,NA,15343,1,13,0,5,archiron,NNNNNPNNNNNNNNNPN,1470403963,Next CMSSW_8_1_X
1470059903,NA,15344,1,10,0,5,fioriNTU,NNNNNANNNNNNNNNRN,1470636767,Next CMSSW_8_0_X
1470061191,1470207099,15345,1,5,1,5,fioriNTU,NNNNNANNNNNNNNNRN,1470207099,Next CMSSW_8_1_X
1470062852,NA,15346,1,8,0,5,alja,NNNNNNNNNNNNNNNSA,1470110358,Next CMSSW_8_0_X
1470122198,1470380329,15347,1,48,1,7,ianna,NNNNNNNNNANNNNPRP,1470380329,Next CMSSW_8_1_X
1470130647,1470313847,15348,1,15,1,5,jalimena,NNNNNNNNNNNNNANRN,1470314595,Next CMSSW_8_1_X
1470132429,NA,15349,1,9,0,5,jalimena,NNNNNNNNNNNNNANRN,1470251278,Next CMSSW_8_0_X
1470137047,NA,15350,1,1,0,5,popovvp,NNNNNPNNNNNNNNNPN,1470303597,Next CMSSW_8_1_X
1470138294,NA,15351,1,6,0,5,fabozzi,NNNNNNNNNNNNPNNRN,1470145345,Next CMSSW_8_1_X
1470146087,1470396891,15352,1,13,1,5,bsunanda,ANNNNNNNNNNNNNNRN,1470396892,Next CMSSW_8_1_X
1470147958,NA,15353,0,1,0,1,slava77,NNNNNNNNNNNNNNNNN,1470147975,-
1470151079,NA,15354,1,25,0,5,bsunanda,PNNNNNNNNNNNNNNAN,1470463408,Next CMSSW_8_1_X
1470170945,NA,15355,1,7,0,5,surnairit,NNNNNANNNNNNNNNRN,1470376111,Next CMSSW_8_0_X
1470172136,1470406751,15356,1,3,1,15,surnairit,RNPPNPNNNPPPPRPPN,1470406751,Next CMSSW_8_1_X
1470184412,NA,15357,1,27,0,6,bsunanda,ANPNNNNNNNNNNNNAN,1470650330,Next CMSSW_8_1_X
1470215918,1470215929,15358,1,3,1,17,arizzi,PPPPNPPNPNNPPRNPP,1470235119,Next CMSSW_8_0_X
1470217574,1470463378,15359,1,11,1,5,makortel,NNNNNNNNNNNNNANAN,1470463378,Next CMSSW_8_1_X
1470225537,NA,15360,1,2,0,5,nsmith-,NNNNNNNNNNPNNNNPN,1470376057,Next CMSSW_8_0_X
